<?xml version="1.0" encoding="UTF-8"?>

<!DOCTYPE mapper
	PUBLIC "-//mybatis.org//DTD Mapper 3.0//EN"
	"http://mybatis.org/dtd/mybatis-3-mapper.dtd">

<mapper namespace="com.emma.spring.orgc.mapper.BoardMapper">
	<!-- 사내게시판 -->
	<select id="getBoardList" resultType="com.emma.spring.orgc.dto.BoardDto">
		SELECT * from company_board_posts where is_deleted = false;
	</select>
	<select id="searchBoard" resultType="com.emma.spring.orgc.dto.BoardDto">
		SELECT * from company_board_posts WHERE 
	    <if test="searchType == 'title'">
	      title LIKE CONCAT('%', #{searchWord}, '%');
	    </if>
	    <if test="searchType == 'author'">
	      author LIKE CONCAT('%', #{searchWord}, '%');
	    </if>
	</select>
	<select id="readBoard" resultType="com.emma.spring.orgc.dto.ReadDto">
		SELECT * from company_board_posts where post_id = #{postId};
	</select>
	<insert id="writeBoard">
		insert into company_board_posts (title,content,author) values(#{title},#{content},#{author})
	</insert>
	<!-- 게시판관리 -->
	<select id="getAdminBoardList" resultType="com.emma.spring.orgc.dto.AdminBoardDto">
		SELECT * from company_board_posts;
	</select>
	<update id="updateDeleteStatus">
		UPDATE company_board_posts set is_deleted = #{isDeleted} where post_id = #{postId};
	</update>
	<!-- 댓글 -->
	<select id="getComments" resultType="com.emma.spring.orgc.dto.CommentDto">
		SELECT * from company_board_comments where post_id = #{postId};
	</select>
	<insert id="writeComment">
		INSERT INTO company_board_comments (post_id, content, author) VALUES (#{postId}, #{content}, #{author});
	</insert>
	<update id="deleteComment">
		update company_board_comments set is_deleted = #{isDeleted} where comment_id = #{commentId};
	</update>
</mapper>
<!-- 글 / 댓글 수정 -->
