<?xml version="1.0" encoding="UTF-8"?>
<!DOCTYPE mapper
	PUBLIC "-//mybatis.org//DTD Mapper 3.0//EN"
	"http://mybatis.org/dtd/mybatis-3-mapper.dtd">

<mapper namespace="com.emma.spring.orgc.mapper.EmpMapper">
	<select id="getEmp" resultType="com.emma.spring.orgc.dto.EmpDto">
		SELECT * from Employee ORDER BY Emp_rank;
	</select>
	<select id="getEmpByRank" resultType="com.emma.spring.orgc.dto.EmpDto">
		SELECT * from Employee where Emp_Rank = #{rank} ORDER BY Emp_rank;
	</select>
	<select id="login" resultType="_int">
		select count(*) from employee WHERE Emp_no like #{Emp_no} AND Emp_pw LIKE #{Emp_pw};  
	</select>
	<select id="getDep" resultType="com.emma.spring.orgc.dto.DepDto">
		select * from department order by dep_no;
	</select>
	<update id="updateEmpD">
		update Employee set Emp_dep = #{Dep_name} where Emp_no like #{Emp_no};
	</update>
	<update id="updateEmpP">
	  	UPDATE Employee
			SET Emp_position = #{Emp_position},
			    Emp_rank = CASE
			                 WHEN #{Emp_position} = '부장' THEN 1
			                 WHEN #{Emp_position} = '사원' THEN 2
			                 ELSE -1
			               END
			WHERE Emp_no LIKE #{Emp_no};
	</update>
	<delete id="closeDep">
		delete from department where dep_name like #{depName};
	</delete>
	<update id="closeDepE">
		update Employee set Emp_dep = '무소속' where Emp_dep like #{depName}; 
	</update>
	<insert id="openDep">
		insert into department (dep_name) value (#{depName});
	</insert>
</mapper>