<?xml version="1.0" encoding="UTF-8"?>
<!DOCTYPE mapper
	PUBLIC "-//mybatis.org//DTD Mapper 3.0//EN"
	"http://mybatis.org/dtd/mybatis-3-mapper.dtd">

<mapper namespace="com.emma.spring.orgc.mapper.EmpMapper">
	<select id="getEmp" resultType="com.emma.spring.orgc.dto.EmpDto">
		SELECT * from Employee ORDER BY Emp_rank;
	</select>
	<select id="getEmpByRank" resultType="com.emma.spring.orgc.dto.EmpDto">
		SELECT * from Employee where Emp_Rank = #{rank} ORDER BY Emp_rank;
	</select>
	<select id="login" resultType="_int">
		select count(*) from employee WHERE Emp_no LIKE CONCAT('%', #{Emp_no}, '%') AND Emp_pw LIKE CONCAT('%', #{Emp_pw}, '%');  
	</select>
	<select id="getDep" resultType="com.emma.spring.orgc.dto.DepDto">
		select * from department order by dep_no;
	</select>
	<update id="updateEmp">
		update Employee set Emp_dep = #{Dep_name} where Emp_no=#{Emp_no};
	</update>
</mapper>
