<?xml version="1.0" encoding="UTF-8"?>
<!DOCTYPE mapper
	PUBLIC "-//mybatis.org//DTD Mapper 3.0//EN"
	"http://mybatis.org/dtd/mybatis-3-mapper.dtd">
<mapper namespace="com.project.mapper.PjBoardMapper">

	<insert id="write">
		INSERT into company_board(company_id, company_name, cb_title, cb_text, cb_category) values(#{company_id}, #{company_name}, #{cb_title}, #{cb_text}, #{cb_category})
	</insert>
	
	<select id="getPostList" resultType="com.project.board.dto.CompanyBoardDto">
		SELECT * from company_board where cb_category = #{category} and cb_is_deleted = FALSE
	</select>
	
	<select id="getSaerchPostList" resultType="com.project.board.dto.CompanyBoardDto">
		SELECT * from company_board where cb_category = #{category} and cb_is_deleted = FALSE and ${searchTag} like CONCAT('%', #{searchWord}, '%')
	</select>
	
	<select id="read" resultType="com.project.board.dto.CompanyBoardDto">
		SELECT * from company_board where cb_no = #{no}
	</select>
	<update id="hitsUp">
		UPDATE company_board set cb_hits = cb_hits+1 where cb_no = #{no}
	</update>
	
	<insert id="commentsWrite">
		INSERT into company_board_comment(cb_comment_no, company_id, company_name, cb_comment_text) values(#{cb_comment_no}, #{company_id}, #{company_name}, #{cb_comment_text})
	</insert>
	
	<select id="commentsRead" resultType="com.project.board.dto.CompanyBoardCommentDto">
		SELECT * from company_board_comment where cb_comment_no = #{no} and cb_comment_is_deleted = FALSE
	</select>
	
	<update id="deletePost">
		UPDATE company_board set cb_is_deleted = true where cb_no = #{no}
	</update>
	
	<update id="deleteComment">
		UPDATE company_board_comment set cb_comment_is_deleted = true where cb_comment_text = #{text}
	</update>
	
	<update id="modifyPost">
		UPDATE company_board set cb_title = #{cb_title}, cb_text = #{cb_text}, cb_date = now() where cb_no = #{cb_no}

	</update>
	
	<select id="getAllPostList" resultType="com.project.board.dto.CompanyBoardDto">
		SELECT * from company_board
	</select>
	
	<select id="getDelPostList" resultType="com.project.board.dto.CompanyBoardDto">
		SELECT * from company_board where cb_is_deleted = true
	</select>
	
	<select id="getSearchAllPostList" resultType="com.project.board.dto.CompanyBoardDto">
		SELECT * from company_board where ${searchTag} like CONCAT('%', #{searchWord}, '%')
	</select>
	
	<select id="getSearchDelPostList" resultType="com.project.board.dto.CompanyBoardDto">
		SELECT * from company_board where cb_is_deleted = true and ${searchTag} like CONCAT('%', #{searchWord}, '%')
	</select>
	
	<update id="recoverPost">
		UPDATE company_board set cb_is_deleted = false where cb_no = #{postNo}
	</update> 
	
	<delete id="dataBaseDelPost">
		DELETE from company_board where cb_no = #{postNo}
	</delete>
	
	<delete id="dataBaseDelComment">
		DELETE from company_board_comment where cb_comment_no = #{postNo}
	</delete>
</mapper>