<?xml version="1.0" encoding="UTF-8"?>
<beans:beans xmlns="http://www.springframework.org/schema/mvc"
    xmlns:xsi="http://www.w3.org/2001/XMLSchema-instance"
    xmlns:beans="http://www.springframework.org/schema/beans"
    xmlns:context="http://www.springframework.org/schema/context"
    xmlns:task="http://www.springframework.org/schema/task"
    xmlns:mvc="http://www.springframework.org/schema/mvc"
    xsi:schemaLocation="http://www.springframework.org/schema/mvc 
        https://www.springframework.org/schema/mvc/spring-mvc.xsd
        http://www.springframework.org/schema/beans 
        https://www.springframework.org/schema/beans/spring-beans.xsd
        http://www.springframework.org/schema/context 
        https://www.springframework.org/schema/context/spring-context.xsd
        http://www.springframework.org/schema/task
        http://www.springframework.org/schema/task/spring-task.xsd">

    <annotation-driven />
    
    <resources mapping="/resources/**" location="/resources/" />
    
    <beans:bean class="org.springframework.web.servlet.view.InternalResourceViewResolver">
        <beans:property name="prefix" value="/WEB-INF/views/" />
        <beans:property name="suffix" value=".jsp" />
    </beans:bean>

    <context:component-scan base-package="com.project" />

    <mvc:cors>
        <mvc:mapping path="/**"
            allowed-origins="http://43.200.21.249"
            allowed-methods="GET, POST, PUT, PATCH, DELETE"
            allowed-headers="Content-Type, Authorization"
            allow-credentials="true" />
    </mvc:cors>

    <beans:bean id="multipartResolver"
        class="org.springframework.web.multipart.commons.CommonsMultipartResolver">
        <beans:property name="maxUploadSize" value="52428800" />
        <beans:property name="maxInMemorySize" value="1048576" />
    </beans:bean>

    <mvc:resources mapping="/uploads/**" 
        location="file:/home/ubuntu/uploads/" />

    <task:annotation-driven />
</beans:beans>