<?xml version="1.0" encoding="UTF-8"?>
<!DOCTYPE mapper
	PUBLIC "-//mybatis.org//DTD Mapper 3.0//EN"
	"http://mybatis.org/dtd/mybatis-3-mapper.dtd">

<mapper namespace="com.emma.spring.orgc.mapper.CoPjMapper">
	<select id="getCoPj" resultType="com.emma.spring.orgc.dto.CoPjDto">
		SELECT * from Cooperation_Project
	</select>
	<delete id="closeCoPj">
		delete from Project_Management where Coop_no=#{pjNo}
	</delete>	
	<insert id="pjMemberAdd">
		insert into Project_Management (Emp_no, Coop_no) values (#{Emp_no}, #{Coop_no})
	</insert>
	<select id="getCoPjMember" resultType="com.emma.spring.orgc.dto.MemberAddDto">
		SELECT * from Project_Management
	</select>
</mapper>
