<?xml version="1.0" encoding="UTF-8"?>
<beans:beans
	xmlns="http://www.springframework.org/schema/mvc"
	xmlns:xsi="http://www.w3.org/2001/XMLSchema-instance"
	xmlns:beans="http://www.springframework.org/schema/beans"
	xmlns:context="http://www.springframework.org/schema/context"
	xsi:schemaLocation="http://www.springframework.org/schema/mvc https://www.springframework.org/schema/mvc/spring-mvc.xsd
		http://www.springframework.org/schema/beans https://www.springframework.org/schema/beans/spring-beans.xsd
		http://www.springframework.org/schema/context https://www.springframework.org/schema/context/spring-context.xsd"
	xmlns:mvc="http://www.springframework.org/schema/mvc">

	<!-- DispatcherServlet Context: defines this servlet's request-processing 
		infrastructure -->

	<!-- Enables the Spring MVC @Controller programming model -->
	<annotation-driven />

	<!-- Handles HTTP GET requests for /resources/** by efficiently serving 
		up static resources in the ${webappRoot}/resources directory -->
	<resources mapping="/resources/**" location="/resources/" />

	<!-- Resolves views selected for rendering by @Controllers to .jsp resources 
		in the /WEB-INF/views directory -->
	<beans:bean
		class="org.springframework.web.servlet.view.InternalResourceViewResolver">
		<beans:property name="prefix" value="/WEB-INF/views/" />
		<beans:property name="suffix" value=".jsp" />
	</beans:bean>

	<context:component-scan
		base-package="com.project.spring" />

	<context:component-scan
		base-package="com.project.controller" />

	<!-- CORS 설정 추가 -->
	<mvc:cors><!-- mvc:cors와 같은 접두사를 사용하는 태그를 사용하려면 xmlns:mvc="http://www.springframework.org/schema/mvc" 
			선언이 반드시 필요합니다. -->
		<!-- 모든 경로에 대해 CORS 허용 -->
		<mvc:mapping path="/**"
			allowed-origins="http://localhost:3000"
			allowed-methods="GET, POST, PUT, DELETE"
			allowed-headers="Content-Type, Authorization"
			allow-credentials="true" />
	</mvc:cors>
	
	<!-- 파일 업로드 설정 내가 추가한거 -->
	<beans:bean id="multipartResolver"
		class="org.springframework.web.multipart.commons.CommonsMultipartResolver">
		<beans:property name="maxUploadSize" value="52428800" /> <!-- 50MB -->
		<beans:property name="maxInMemorySize" value="1048576" /> <!-- 1MB -->
	</beans:bean>
	
	<!-- 정적 리소스 처리 설정 -->
	<mvc:resources mapping="/uploads/**" 
    	location="file:/D:/HsPark/00_workspace/tool/sts/sts-bundle/sts-3.9.18.RELEASE/uploads/" />

</beans:beans>
