<?xml version="1.0" encoding="UTF-8"?>
<!DOCTYPE mapper
	PUBLIC "-//mybatis.org//DTD Mapper 3.0//EN"
	"http://mybatis.org/dtd/mybatis-3-mapper.dtd">

<mapper namespace="com.emma.spring.orgc.mapper.EmpMapper">
	<select id="getEmp" resultType="com.emma.spring.orgc.dto.EmpDto">
		SELECT * from Employee ORDER BY Emp_rank;
	</select>
	<select id="getEmpByRank" resultType="com.emma.spring.orgc.dto.EmpDto">
		SELECT * from Employee where Emp_Rank = #{rank} ORDER BY Emp_rank;
	</select>
	<select id="divCount" resultType="_int">
		SELECT COUNT(*) FROM EMPLOYEE WHERE EMP_RANK = 1
	</select>	
	<select id="login" resultType="_int">
		select count(*) from employee WHERE Emp_no LIKE CONCAT('%', #{Emp_no}, '%') AND Emp_pw LIKE CONCAT('%', #{Emp_pw}, '%')  
	</select>
</mapper>
